id,name,closeness,betweenness,eigenvector
332942361,Egor Volkov,0.30489336952307095,24310.0,0.06711560552140135
204201117,Elizaveta Bogaenko,0.35606943396226415,13203.0,1.6466073464614145e-08
